-- accounts
insert into account (name, password) values ('joesmith', 'password');
insert into account (name, password) values ('irislynn', 'password');
insert into account (name, password) values ('danlee', 'password');
insert into account (name, password) values ('aaronhill', 'password');
insert into account (name, password) values ('sarahbell', 'password');
insert into account (name, password) values ('benross', 'password');
insert into account (name, password) values ('jacobwebb', 'password');
insert into account (name, password) values ('miriamlevy', 'password');
insert into account (name, password) values ('azizkhan', 'password');
insert into account (name, password) values ('igorpetrov', 'password');
-- account profiles
insert into account_profile (account_name, description, first_name, middle_name, last_name, country_name, street_number, street_name, floor_number, unit_number, city_name, county_name, region_name, state_name, postal_code, latlng, email_address, telephone_country_code, telephone_area_code, telephone_number, occupation_id, industry_id) values ('joesmith', 'inventor', 'joe', 'wilson', 'smith', 'united states of america', '1050', 'w olive ave', null, null, 'merced', 'merced county', null, 'california', '95348', '(37.318830, -120.486230)', 'joe@address.xz', 1, 209, 5555555, 1, 1);
insert into account_profile (account_name, description, first_name, middle_name, last_name, country_name, street_number, street_name, floor_number, unit_number, city_name, county_name, region_name, state_name, postal_code, latlng, email_address, telephone_country_code, telephone_area_code, telephone_number, occupation_id, industry_id) values ('irislynn', 'volunteers at hospital', 'iris', 'hannah', 'lynn', 'united states of america', '2356', 's seneca st', null, null, 'wichita', 'sedgwick county', null, 'kansas', '67213', '(37.651930, -97.352190)', 'iris@address.xz', 1, 316, 5555555, 2, 2);
insert into account_profile (account_name, description, first_name, middle_name, last_name, country_name, street_number, street_name, floor_number, unit_number, city_name, county_name, region_name, state_name, postal_code, latlng, email_address, telephone_country_code, telephone_area_code, telephone_number, occupation_id, industry_id) values ('danlee', 'plays guitar', 'dan', 'howard', 'lee', 'united states of america', '1101', '2nd ave ne', null, null, 'staples', 'todd county', null, 'minnesota', '56479', '(46.355720, -94.784420)', 'dan@address.xz', 1, 218, 5555555, 3, 3);
insert into account_profile (account_name, description, first_name, middle_name, last_name, country_name, street_number, street_name, floor_number, unit_number, city_name, county_name, region_name, state_name, postal_code, latlng, email_address, telephone_country_code, telephone_area_code, telephone_number, occupation_id, industry_id) values ('aaronhill', 'shortwave radio operator', 'aaron', 'baker', 'hill', 'united states of america', '2344', 'central ave', null, null, 'billings', 'yellowstone county', null, 'montana', '59102', '(45.769540, -108.575760)', 'aaron@address.xz', 1, 406, 5555555, 4, 4);
insert into account_profile (account_name, description, first_name, middle_name, last_name, country_name, street_number, street_name, floor_number, unit_number, city_name, county_name, region_name, state_name, postal_code, latlng, email_address, telephone_country_code, telephone_area_code, telephone_number, occupation_id, industry_id) values ('sarahbell', 'expert diver', 'sarah', 'dixon', 'bell', 'united states of america', '21855', 'state hwy 75', null, null, 'clayton', 'custer county', null, 'idaho', '83227', '(44.261730, -114.419700)', 'sarah@address.xz', 1, 208, 5555555, 5, 5);
insert into account_profile (account_name, description, first_name, middle_name, last_name, country_name, street_number, street_name, floor_number, unit_number, city_name, county_name, region_name, state_name, postal_code, latlng, email_address, telephone_country_code, telephone_area_code, telephone_number, occupation_id, industry_id) values ('benross', 'coin collector', 'ben', 'oliver', 'ross', 'united states of america', '3650', 'glendwood dr', null, null, 'eugene', 'lane county', null, 'oregon', '97403', '(44.0341831,-123.0420753)', 'ben@address.xz', 1, 541, 5555555, 6, 6);
insert into account_profile (account_name, description, first_name, middle_name, last_name, country_name, street_number, street_name, floor_number, unit_number, city_name, county_name, region_name, state_name, postal_code, latlng, email_address, telephone_country_code, telephone_area_code, telephone_number, occupation_id, industry_id) values ('jacobwebb', 'soccer coach', 'jacob', 'curtis', 'webb', 'united states of america', '205', 'n mccarran blvd', null, null, 'sparks', 'washoe county', null, 'nevada', '89431', '(39.534552,-119.737825)', 'jacob@address.xz', 1, 775, 5555555, 7, 7);
insert into account_profile (account_name, description, first_name, middle_name, last_name, country_name, street_number, street_name, floor_number, unit_number, city_name, county_name, region_name, state_name, postal_code, latlng, email_address, telephone_country_code, telephone_area_code, telephone_number, occupation_id, industry_id) values ('miriamlevy', 'amateur astronomer', 'miriam', 'colt', 'levy', 'united states of america', '6903', 'brodie ln', null, null, 'austin', 'travis county', null, 'texas', '78745', '(30.2140419,-97.8297857)', 'miriam@address.xz', 1, 512, 5555555, 8, 8);
insert into account_profile (account_name, description, first_name, middle_name, last_name, country_name, street_number, street_name, floor_number, unit_number, city_name, county_name, region_name, state_name, postal_code, latlng, email_address, telephone_country_code, telephone_area_code, telephone_number, occupation_id, industry_id) values ('azizkhan', 'chess player', 'aziz', 'abdul', 'khan', 'united states of america', '180', 'river st', null, null, 'danville', 'travis county', null, 'virginia', '24540', '(36.5898155,-79.3844719)', 'aziz@address.xz', 1, 434, 5555555, 9, 9);
insert into account_profile (account_name, description, first_name, middle_name, last_name, country_name, street_number, street_name, floor_number, unit_number, city_name, county_name, region_name, state_name, postal_code, latlng, email_address, telephone_country_code, telephone_area_code, telephone_number, occupation_id, industry_id) values ('igorpetrov', 'classical pianist', 'igor', 'sergei', 'petrov', 'united states of america', '1220', 'fulton ave', null, null, 'uniondale', 'nassau county', null, 'new york', '11553', '(40.713235,-73.606191)', 'igor@address.xz', 1, 516, 5555555, 10, 10);
-- subaccounts
insert into account (name, created_by) values ('cpa', 'joesmith');
insert into account (name, created_by) values ('sunflowerfarms', 'irislynn');
insert into account (name, created_by) values ('goldminers', 'danlee');
insert into account (name, created_by) values ('energyco', 'aaronhill');
insert into account (name, created_by) values ('homebuilders', 'sarahbell');
insert into account (name, created_by) values ('oatfarms', 'benross');
insert into account (name, created_by) values ('timeco', 'jacobwebb');
insert into account (name, created_by) values ('groceryco', 'miriamlevy');
insert into account (name, created_by) values ('skyways', 'azizkhan');
insert into account (name, created_by) values ('cloudbiz', 'igorpetrov');
-- subaccount profiles
insert into account_profile (account_name, description, first_name, middle_name, last_name, country_name, street_number, street_name, floor_number, unit_number, city_name, county_name, region_name, state_name, postal_code, latlng, email_address, telephone_country_code, telephone_area_code, telephone_number, occupation_id, industry_id) values ('cpa', 'certified public accountant', null, null, null, 'united states of america', '1050', 'w main st', null, null, 'merced', 'merced county', null, 'california', '95340', '(37.3058494,-120.4930238)', 'cpa@address.xz', 1, 209, 5555555, null, 1);
insert into account_profile (account_name, description, first_name, middle_name, last_name, country_name, street_number, street_name, floor_number, unit_number, city_name, county_name, region_name, state_name, postal_code, latlng, email_address, telephone_country_code, telephone_area_code, telephone_number, occupation_id, industry_id) values ('sunflowerfarms', 'sunflower seed producers', null, null, null, 'united states of america', '1545', 'south meridian avenue', null, null, 'wichita', 'sedgwick county', null, 'kansas', '67213', '(37.666594,-97.3711619)', 'sunflowers@address.xz', 1, 316, 5555555, null, 2);
insert into account_profile (account_name, description, first_name, middle_name, last_name, country_name, street_number, street_name, floor_number, unit_number, city_name, county_name, region_name, state_name, postal_code, latlng, email_address, telephone_country_code, telephone_area_code, telephone_number, occupation_id, industry_id) values ('goldminers', 'gold miners', null, null, null, 'united states of america', '223', '6th street', null, null, 'staples', 'todd county', null, 'minnesota', '56479', '(46.3527661,-94.7922353)', 'gold@address.xz', 1, 218, 5555555, null, 3);
insert into account_profile (account_name, description, first_name, middle_name, last_name, country_name, street_number, street_name, floor_number, unit_number, city_name, county_name, region_name, state_name, postal_code, latlng, email_address, telephone_country_code, telephone_area_code, telephone_number, occupation_id, industry_id) values ('energyco', 'electricity company', null, null, null, 'united states of america', '2648', 'poly drive', null, null, 'billings', 'yellowstone county', null, 'montana', '59102', '(45.7951193,-108.5823638)', 'energyco@address.xz', 1, 406, 5555555, null, 4);
insert into account_profile (account_name, description, first_name, middle_name, last_name, country_name, street_number, street_name, floor_number, unit_number, city_name, county_name, region_name, state_name, postal_code, latlng, email_address, telephone_country_code, telephone_area_code, telephone_number, occupation_id, industry_id) values ('homebuilders', 'home builders', null, null, null, 'united states of america', '21855', 'state hwy 75', null, null, 'stanley', 'custer county', null, 'idaho', '83278', '(44.217993,-114.943765)', 'homebuilders@address.xz', 1, 208, 5555555, null, 5);
insert into account_profile (account_name, description, first_name, middle_name, last_name, country_name, street_number, street_name, floor_number, unit_number, city_name, county_name, region_name, state_name, postal_code, latlng, email_address, telephone_country_code, telephone_area_code, telephone_number, occupation_id, industry_id) values ('oatfarms', 'oat producer', null, null, null, 'united states of america', '353', 'e broadway', null, null, 'eugene', 'lane county', null, 'oregon', '97401', '(44.0503814,-123.0877368)', 'oats@address.xz', 1, 541, 5555555, null, 6);
insert into account_profile (account_name, description, first_name, middle_name, last_name, country_name, street_number, street_name, floor_number, unit_number, city_name, county_name, region_name, state_name, postal_code, latlng, email_address, telephone_country_code, telephone_area_code, telephone_number, occupation_id, industry_id) values ('timeco', 'clock manufacturer', null, null, null, 'united states of america', '2858', 'vista blvd', null, null, 'sparks', 'washoe county', null, 'nevada', '89434', '(39.5284539,-119.7010352)', 'clockers@address.xz', 1, 775, 5555555, null, 7);
insert into account_profile (account_name, description, first_name, middle_name, last_name, country_name, street_number, street_name, floor_number, unit_number, city_name, county_name, region_name, state_name, postal_code, latlng, email_address, telephone_country_code, telephone_area_code, telephone_number, occupation_id, industry_id) values ('groceryco', 'grocery store', null, null, null, 'united states of america', '2401', 'san gabriel st', null, null, 'austin', 'travis county', null, 'texas', '78705', '(30.28769874572754,-97.74787139892578)', 'groceryco@address.xz', 1, 512, 5555555, null, 8);
insert into account_profile (account_name, description, first_name, middle_name, last_name, country_name, street_number, street_name, floor_number, unit_number, city_name, county_name, region_name, state_name, postal_code, latlng, email_address, telephone_country_code, telephone_area_code, telephone_number, occupation_id, industry_id) values ('skyways', 'regional passenger airline', null, null, null, 'united states of america', '215', 'piedmont pl', null, null, 'danville', 'travis county', null, 'virginia', '24541', '(36.5854295,-79.4325614)', 'skyways@address.xz', 1, 434, 5555555, null, 9);
insert into account_profile (account_name, description, first_name, middle_name, last_name, country_name, street_number, street_name, floor_number, unit_number, city_name, county_name, region_name, state_name, postal_code, latlng, email_address, telephone_country_code, telephone_area_code, telephone_number, occupation_id, industry_id) values ('cloudbiz', 'cloud hosting', null, null, null, 'united states of america', '1142', 'front st', null, null, 'uniondale', 'nassau county', null, 'new york', '11553', '(40.710037,-73.588058)', 'cloudbiz@address.xz', 1, 516, 5555555, null, 10);
-- subaccount owners
insert into account_owner (owner_account, owned_subaccount) values ('joesmith', 'cpa');
insert into account_owner (owner_account, owned_subaccount) values ('irislynn', 'sunflowerfarms');
insert into account_owner (owner_account, owned_subaccount) values ('danlee', 'goldminers');
insert into account_owner (owner_account, owned_subaccount) values ('aaronhill', 'energyco');
insert into account_owner (owner_account, owned_subaccount) values ('sarahbell', 'homebuilders');
insert into account_owner (owner_account, owned_subaccount) values ('benross', 'oatfarms');
insert into account_owner (owner_account, owned_subaccount) values ('jacobwebb', 'timeco');
insert into account_owner (owner_account, owned_subaccount) values ('miriamlevy', 'groceryco');
insert into account_owner (owner_account, owned_subaccount) values ('azizkhan', 'skyways');
insert into account_owner (owner_account, owned_subaccount) values ('igorpetrov', 'cloudbiz');
